{"stats":{"minecraft:mined":{"minecraft:grass_block":1,"minecraft:jungle_planks":1,"minecraft:jungle_log":12,"minecraft:jungle_leaves":23},"minecraft:picked_up":{"minecraft:stick":4,"minecraft:rotten_flesh":3,"minecraft:jungle_log":172,"minecraft:diamond_axe":2,"minecraft:jungle_planks":350,"minecraft:jungle_sapling":10,"minecraft:dirt":27},"minecraft:used":{"minecraft:jungle_sapling":4,"minecraft:dirt":5,"minecraft:jungle_planks":140,"minecraft:diamond_axe":16},"minecraft:killed":{"minecraft:zombie":1},"minecraft:custom":{"minecraft:time_since_rest":3169,"minecraft:open_chest":2,"minecraft:crouch_one_cm":90,"minecraft:play_time":17998,"minecraft:sprint_one_cm":45429,"minecraft:deaths":1,"minecraft:damage_taken":416,"minecraft:walk_one_cm":86598,"minecraft:sneak_time":44,"minecraft:mob_kills":1,"minecraft:jump":164,"minecraft:damage_dealt":200,"minecraft:time_since_death":3123,"minecraft:walk_on_water_one_cm":1412,"minecraft:total_world_time":17998,"minecraft:climb_one_cm":11976,"minecraft:fall_one_cm":7019,"minecraft:fly_one_cm":20959},"minecraft:crafted":{"minecraft:jungle_planks":440}},"DataVersion":3955}