{"stats":{"minecraft:custom":{"minecraft:time_since_rest":13131,"minecraft:interact_with_furnace":2,"minecraft:sprint_one_cm":49020,"minecraft:damage_taken":298,"minecraft:walk_one_cm":19091,"minecraft:mob_kills":1,"minecraft:drop":11,"minecraft:damage_dealt":215,"minecraft:swim_one_cm":2195,"minecraft:interact_with_crafting_table":4,"minecraft:talked_to_villager":2,"minecraft:fly_one_cm":34508,"minecraft:open_chest":3,"minecraft:play_time":23595,"minecraft:deaths":1,"minecraft:walk_under_water_one_cm":640,"minecraft:jump":183,"minecraft:leave_game":2,"minecraft:time_since_death":13080,"minecraft:walk_on_water_one_cm":1471,"minecraft:total_world_time":23595,"minecraft:fall_one_cm":4221},"minecraft:mined":{"minecraft:iron_ore":2,"minecraft:short_grass":3,"minecraft:acacia_log":2,"minecraft:grass_block":3,"minecraft:dirt":4,"minecraft:cobblestone":2,"minecraft:stone":15,"minecraft:orange_bed":4},"minecraft:used":{"minecraft:stone_pickaxe":5,"minecraft:wooden_pickaxe":27,"minecraft:stone_axe":7,"minecraft:dirt":3,"minecraft:cobblestone":2},"minecraft:crafted":{"minecraft:stone_shovel":1,"minecraft:stick":12,"minecraft:wooden_pickaxe":1,"minecraft:stone_pickaxe":1,"minecraft:acacia_planks":4,"minecraft:stone_axe":1},"minecraft:killed_by":{"minecraft:spider":1},"minecraft:killed":{"minecraft:spider":1},"minecraft:dropped":{"minecraft:stone_axe":1,"minecraft:stone_shovel":1,"minecraft:raw_iron":2,"minecraft:cobblestone":8,"minecraft:stone_pickaxe":1,"minecraft:orange_bed":4,"minecraft:acacia_log":45,"minecraft:stick":15},"minecraft:picked_up":{"minecraft:stick":13,"minecraft:raw_iron":2,"minecraft:wooden_pickaxe":1,"minecraft:acacia_log":46,"minecraft:dirt":37,"minecraft:spider_eye":1,"minecraft:string":2,"minecraft:orange_bed":4,"minecraft:wheat_seeds":3,"minecraft:acacia_sapling":19,"minecraft:cobblestone":31}},"DataVersion":3955}