{"stats":{"minecraft:mined":{"minecraft:jungle_leaves":23,"minecraft:short_grass":1,"minecraft:grass_block":1,"minecraft:jungle_planks":2,"minecraft:jungle_log":12,"minecraft:stone":21},"minecraft:picked_up":{"minecraft:stick":4,"minecraft:andesite":64,"minecraft:jungle_log":172,"minecraft:torch":25,"minecraft:jungle_planks":351,"minecraft:dirt":27,"minecraft:rotten_flesh":3,"minecraft:cobbled_deepslate":151,"minecraft:diamond_axe":2,"minecraft:jungle_sapling":10,"minecraft:netherrack":8,"minecraft:mutton":6,"minecraft:white_wool":3,"minecraft:cobblestone":192},"minecraft:used":{"minecraft:jungle_sapling":4,"minecraft:jungle_fence":8,"minecraft:wooden_pickaxe":21,"minecraft:diamond_axe":22,"minecraft:dirt":5,"minecraft:crafting_table":1,"minecraft:jungle_planks":240},"minecraft:killed":{"minecraft:sheep":3,"minecraft:zombie":1},"minecraft:custom":{"minecraft:time_since_rest":11509,"minecraft:sprint_one_cm":61537,"minecraft:damage_taken":536,"minecraft:walk_one_cm":121700,"minecraft:mob_kills":4,"minecraft:damage_dealt":440,"minecraft:interact_with_crafting_table":2,"minecraft:fly_one_cm":27995,"minecraft:open_chest":2,"minecraft:crouch_one_cm":90,"minecraft:play_time":26338,"minecraft:deaths":1,"minecraft:sneak_time":44,"minecraft:jump":235,"minecraft:leave_game":1,"minecraft:walk_on_water_one_cm":1412,"minecraft:time_since_death":11463,"minecraft:climb_one_cm":18879,"minecraft:total_world_time":26338,"minecraft:fall_one_cm":9838},"minecraft:crafted":{"minecraft:crafting_table":1,"minecraft:stick":64,"minecraft:wooden_pickaxe":1,"minecraft:jungle_fence":57,"minecraft:jungle_planks":564}},"DataVersion":3955}