{"stats":{"minecraft:mined":{"minecraft:grass_block":3,"minecraft:dirt":4},"minecraft:custom":{"minecraft:jump":18,"minecraft:time_since_rest":8118,"minecraft:leave_game":1,"minecraft:interact_with_furnace":1,"minecraft:sprint_one_cm":1787,"minecraft:play_time":8118,"minecraft:time_since_death":8118,"minecraft:walk_one_cm":4243,"minecraft:total_world_time":8118,"minecraft:interact_with_crafting_table":2,"minecraft:fly_one_cm":371},"minecraft:used":{"minecraft:dirt":3},"minecraft:picked_up":{"minecraft:dirt":7}},"DataVersion":3955}