{"stats":{"minecraft:custom":{"minecraft:time_since_rest":16355,"minecraft:interact_with_furnace":2,"minecraft:sprint_one_cm":51648,"minecraft:damage_taken":298,"minecraft:walk_one_cm":23463,"minecraft:mob_kills":1,"minecraft:drop":13,"minecraft:damage_dealt":215,"minecraft:talked_to_villager":2,"minecraft:swim_one_cm":2195,"minecraft:interact_with_crafting_table":4,"minecraft:fly_one_cm":35049,"minecraft:open_chest":3,"minecraft:play_time":26819,"minecraft:deaths":1,"minecraft:walk_under_water_one_cm":640,"minecraft:jump":192,"minecraft:leave_game":7,"minecraft:walk_on_water_one_cm":1471,"minecraft:time_since_death":16304,"minecraft:total_world_time":26819,"minecraft:fall_one_cm":4221},"minecraft:used":{"minecraft:stone_pickaxe":5,"minecraft:wooden_pickaxe":30,"minecraft:stone_axe":7,"minecraft:dirt":7,"minecraft:cobblestone":2},"minecraft:picked_up":{"minecraft:stick":13,"minecraft:raw_iron":2,"minecraft:wooden_pickaxe":1,"minecraft:acacia_log":46,"minecraft:string":2,"minecraft:spider_eye":1,"minecraft:dirt":37,"minecraft:orange_bed":4,"minecraft:wheat_seeds":3,"minecraft:acacia_sapling":19,"minecraft:cobblestone":34},"minecraft:killed":{"minecraft:spider":1},"minecraft:killed_by":{"minecraft:spider":1},"minecraft:crafted":{"minecraft:stone_shovel":1,"minecraft:stick":12,"minecraft:wooden_pickaxe":1,"minecraft:stone_pickaxe":1,"minecraft:acacia_planks":4,"minecraft:stone_axe":1},"minecraft:dropped":{"minecraft:bread":6,"minecraft:stone_axe":1,"minecraft:raw_iron":2,"minecraft:stone_shovel":1,"minecraft:cobblestone":8,"minecraft:stone_pickaxe":1,"minecraft:orange_bed":4,"minecraft:string":2,"minecraft:acacia_log":45,"minecraft:stick":15},"minecraft:mined":{"minecraft:iron_ore":2,"minecraft:short_grass":4,"minecraft:acacia_log":2,"minecraft:grass_block":3,"minecraft:dirt":4,"minecraft:cobblestone":2,"minecraft:stone":18,"minecraft:orange_bed":4}},"DataVersion":3955}