{"stats":{"minecraft:custom":{"minecraft:time_since_rest":3652,"minecraft:sprint_one_cm":39930,"minecraft:interact_with_furnace":2,"minecraft:play_time":14116,"minecraft:deaths":1,"minecraft:damage_taken":298,"minecraft:walk_one_cm":16845,"minecraft:mob_kills":1,"minecraft:jump":131,"minecraft:damage_dealt":215,"minecraft:leave_game":1,"minecraft:walk_on_water_one_cm":668,"minecraft:time_since_death":3601,"minecraft:total_world_time":14116,"minecraft:talked_to_villager":2,"minecraft:fall_one_cm":1992,"minecraft:interact_with_crafting_table":4,"minecraft:fly_one_cm":20328,"minecraft:open_chest":1},"minecraft:mined":{"minecraft:acacia_log":2,"minecraft:short_grass":3,"minecraft:grass_block":3,"minecraft:dirt":4,"minecraft:cobblestone":2,"minecraft:stone":12,"minecraft:orange_bed":2},"minecraft:used":{"minecraft:stone_axe":5,"minecraft:dirt":3,"minecraft:wooden_pickaxe":27},"minecraft:crafted":{"minecraft:stone_shovel":1,"minecraft:acacia_planks":4,"minecraft:stone_axe":1,"minecraft:stick":12,"minecraft:stone_pickaxe":1,"minecraft:wooden_pickaxe":1},"minecraft:killed_by":{"minecraft:spider":1},"minecraft:killed":{"minecraft:spider":1},"minecraft:picked_up":{"minecraft:orange_bed":2,"minecraft:stick":13,"minecraft:acacia_log":46,"minecraft:wheat_seeds":3,"minecraft:wooden_pickaxe":1,"minecraft:acacia_sapling":18,"minecraft:spider_eye":1,"minecraft:string":2,"minecraft:dirt":37,"minecraft:cobblestone":28}},"DataVersion":3955}