{"stats":{"minecraft:mined":{"minecraft:yellow_terracotta":18,"minecraft:jungle_door":1,"minecraft:white_bed":2,"minecraft:red_bed":1,"minecraft:jungle_slab":3,"minecraft:short_grass":73,"minecraft:grass_block":2,"minecraft:chest":3,"minecraft:redstone_wire":1,"minecraft:cobblestone":13,"minecraft:acacia_slab":2,"minecraft:sugar_cane":8,"minecraft:sandstone":1,"minecraft:blue_bed":1,"minecraft:lime_bed":1,"minecraft:cactus":2,"minecraft:acacia_stairs":9,"minecraft:vine":1,"minecraft:acacia_planks":6,"minecraft:netherrack":41,"minecraft:oak_leaves":1,"minecraft:orange_bed":1},"minecraft:dropped":{"minecraft:wheat_seeds":1,"minecraft:diamond_axe":1,"minecraft:golden_pickaxe":3,"minecraft:wheat":4,"minecraft:yellow_terracotta":28,"minecraft:rotten_flesh":1,"minecraft:diamond_shovel":1,"minecraft:jungle_planks":6,"minecraft:acacia_stairs":9,"minecraft:poppy":11,"minecraft:cobblestone_slab":8,"minecraft:dirt":20,"minecraft:jungle_slab":5,"minecraft:gunpowder":2,"minecraft:diamond_pickaxe":1,"minecraft:diamond_helmet":1,"minecraft:redstone_torch":1,"minecraft:spider_eye":2,"minecraft:string":4,"minecraft:dandelion":4},"minecraft:picked_up":{"minecraft:birch_log":6,"minecraft:lime_bed":1,"minecraft:wheat":4,"minecraft:jungle_boat":1,"minecraft:jungle_log":136,"minecraft:golden_pickaxe":2,"minecraft:shield":1,"minecraft:gunpowder":2,"minecraft:string":10,"minecraft:dirt":20,"minecraft:blue_bed":4,"minecraft:red_bed":1,"minecraft:bone":1,"minecraft:acacia_planks":5,"minecraft:wheat_seeds":5,"minecraft:iron_ingot":8,"minecraft:redstone_torch":1,"minecraft:cobblestone_slab":8,"minecraft:jungle_sapling":5,"minecraft:poppy":3,"minecraft:diamond_helmet":1,"minecraft:chest":3,"minecraft:sugar_cane":17,"minecraft:birch_sapling":1,"minecraft:egg":1,"minecraft:jungle_door":1,"minecraft:stick":7,"minecraft:sandstone":1,"minecraft:birch_boat":1,"minecraft:torch":2,"minecraft:dandelion":4,"minecraft:white_bed":2,"minecraft:acacia_stairs":9,"minecraft:redstone":1,"minecraft:jungle_slab":5,"minecraft:spider_eye":3,"minecraft:orange_bed":1,"minecraft:cactus":3,"minecraft:rotten_flesh":13,"minecraft:diamond":5,"minecraft:breeze_rod":1,"minecraft:yellow_terracotta":17,"minecraft:netherrack":29,"minecraft:oak_sapling":4,"minecraft:acacia_slab":15,"minecraft:melon_seeds":1,"minecraft:cobblestone":49,"minecraft:ender_pearl":2},"minecraft:broken":{"minecraft:stone_pickaxe":1},"minecraft:used":{"minecraft:stone_pickaxe":26,"minecraft:redstone":1,"minecraft:chest":7,"minecraft:birch_boat":1,"minecraft:composter":3,"minecraft:blue_bed":7,"minecraft:diamond_axe":86,"minecraft:jungle_boat":2,"minecraft:orange_bed":1,"minecraft:torch":4,"minecraft:sand":17,"minecraft:anvil":1,"minecraft:yellow_terracotta":21,"minecraft:crafting_table":1,"minecraft:hopper":5,"minecraft:red_bed":1,"minecraft:carrot":15,"minecraft:jungle_planks":4,"minecraft:jungle_slab":21,"minecraft:white_bed":2,"minecraft:jungle_sapling":2,"minecraft:diamond_pickaxe":28,"minecraft:lava_bucket":1,"minecraft:wind_charge":4,"minecraft:breeze_spawn_egg":1,"minecraft:bread":32,"minecraft:acacia_slab":4,"minecraft:cobblestone":4,"minecraft:golden_carrot":2,"minecraft:iron_trapdoor":2,"minecraft:jungle_door":2,"minecraft:bucket":3,"minecraft:acacia_planks":2,"minecraft:golden_pickaxe":20},"minecraft:killed":{"minecraft:piglin":1,"minecraft:husk":1,"minecraft:spider":3,"minecraft:iron_golem":3,"minecraft:skeleton":1,"minecraft:zombie":2,"minecraft:wither_skeleton":1},"minecraft:custom":{"minecraft:interact_with_furnace":4,"minecraft:mob_kills":14,"minecraft:interact_with_anvil":2,"minecraft:traded_with_villager":3,"minecraft:interact_with_crafting_table":21,"minecraft:eat_cake_slice":7,"minecraft:leave_game":3,"minecraft:time_since_death":202265,"minecraft:sleep_in_bed":11,"minecraft:climb_one_cm":810,"minecraft:time_since_rest":15958,"minecraft:sprint_one_cm":410231,"minecraft:damage_taken":1769,"minecraft:walk_one_cm":227811,"minecraft:drop":27,"minecraft:damage_dealt":4744,"minecraft:swim_one_cm":25168,"minecraft:talked_to_villager":10,"minecraft:fly_one_cm":681530,"minecraft:open_chest":49,"minecraft:crouch_one_cm":15165,"minecraft:play_time":202265,"minecraft:sneak_time":4244,"minecraft:walk_under_water_one_cm":3166,"minecraft:boat_one_cm":49823,"minecraft:jump":2676,"minecraft:walk_on_water_one_cm":16444,"minecraft:total_world_time":202265,"minecraft:fall_one_cm":83439},"minecraft:crafted":{"minecraft:iron_trapdoor":2,"minecraft:crafting_table":1,"minecraft:jungle_boat":1,"minecraft:birch_boat":1,"minecraft:wind_charge":4,"minecraft:blue_bed":3,"minecraft:birch_planks":24,"minecraft:jungle_slab":42,"minecraft:jungle_planks":164,"minecraft:hopper":8,"minecraft:jungle_door":3,"minecraft:iron_block":3,"minecraft:chest":16,"minecraft:anvil":1,"minecraft:composter":3}},"DataVersion":3955}