{"stats":{"minecraft:picked_up":{"minecraft:wheat_seeds":1,"minecraft:acacia_log":9,"minecraft:cobblestone":2},"minecraft:mined":{"minecraft:acacia_log":9,"minecraft:stone":4},"minecraft:crafted":{"minecraft:acacia_planks":32,"minecraft:crafting_table":1,"minecraft:stick":16,"minecraft:wooden_pickaxe":2},"minecraft:custom":{"minecraft:time_since_rest":5405,"minecraft:open_chest":2,"minecraft:play_time":7909,"minecraft:sprint_one_cm":36258,"minecraft:damage_taken":35,"minecraft:walk_one_cm":12558,"minecraft:jump":101,"minecraft:eat_cake_slice":5,"minecraft:damage_dealt":48,"minecraft:leave_game":1,"minecraft:time_since_death":7909,"minecraft:walk_on_water_one_cm":1074,"minecraft:sleep_in_bed":1,"minecraft:total_world_time":7909,"minecraft:climb_one_cm":530,"minecraft:interact_with_crafting_table":1,"minecraft:fall_one_cm":2123,"minecraft:fly_one_cm":20953},"minecraft:used":{"minecraft:acacia_log":1,"minecraft:crafting_table":1,"minecraft:wooden_pickaxe":4}},"DataVersion":3955}