{"stats":{"minecraft:used":{"minecraft:acacia_log":1,"minecraft:flint_and_steel":1,"minecraft:shield":21,"minecraft:bell":2,"minecraft:netherrack":5,"minecraft:torch":1,"minecraft:dirt":22,"minecraft:nether_bricks":3,"minecraft:jungle_slab":3,"minecraft:jungle_sapling":87,"minecraft:lava_bucket":7,"minecraft:iron_axe":10,"minecraft:acacia_slab":1,"minecraft:jungle_log":9,"minecraft:light_blue_bed":2,"minecraft:golden_carrot":19,"minecraft:hay_block":1,"minecraft:water_bucket":14,"minecraft:blue_bed":9,"minecraft:diamond_axe":170,"minecraft:sugar_cane":6,"minecraft:cobblestone_slab":19,"minecraft:cookie":65,"minecraft:crafting_table":1,"minecraft:diamond_pickaxe":308,"minecraft:apple":1,"minecraft:diamond_shovel":22,"minecraft:gravel":3,"minecraft:stone_axe":11,"minecraft:diamond_sword":150,"minecraft:cobblestone":20,"minecraft:grindstone":2,"minecraft:bucket":22},"minecraft:crafted":{"minecraft:golden_carrot":72,"minecraft:grindstone":1,"minecraft:smooth_stone":1,"minecraft:oak_planks":16,"minecraft:cobblestone_slab":12,"minecraft:stone":4,"minecraft:diamond_shovel":0,"minecraft:flint_and_steel":1,"minecraft:diamond_helmet":1,"minecraft:diamond_leggings":1,"minecraft:iron_axe":14,"minecraft:diamond_boots":1,"minecraft:diamond_sword":2,"minecraft:emerald":343,"minecraft:diamond_axe":2,"minecraft:crafting_table":2,"minecraft:acacia_slab":6,"minecraft:golden_pickaxe":1,"minecraft:bucket":1,"minecraft:air":0,"minecraft:jungle_planks":6128,"minecraft:charcoal":69,"minecraft:diamond_pickaxe":0,"minecraft:shield":2,"minecraft:stone_slab":6,"minecraft:stick":11562,"minecraft:gold_ingot":3,"minecraft:acacia_planks":108,"minecraft:diamond_chestplate":1},"minecraft:picked_up":{"minecraft:crafting_table":5,"minecraft:wheat":2,"minecraft:golden_pickaxe":4,"minecraft:diamond_sword":2,"minecraft:shield":1,"minecraft:string":6,"minecraft:iron_axe":3,"minecraft:gold_nugget":6,"minecraft:smooth_stone":1,"minecraft:redstone_torch":1,"minecraft:cobblestone_slab":17,"minecraft:jungle_sapling":157,"minecraft:poppy":15,"minecraft:sugar_cane":10,"minecraft:stick":360,"minecraft:raw_iron":2,"minecraft:torch":1,"minecraft:acacia_log":27,"minecraft:cookie":39,"minecraft:light_blue_bed":2,"minecraft:rotten_flesh":7,"minecraft:arrow":6,"minecraft:nether_bricks":6,"minecraft:hay_block":1,"minecraft:yellow_terracotta":1,"minecraft:blaze_rod":12,"minecraft:cobblestone":125,"minecraft:jungle_log":1922,"minecraft:acacia_wood":2,"minecraft:flint":1,"minecraft:oak_log":4,"minecraft:nether_wart_block":1,"minecraft:gunpowder":2,"minecraft:dirt":40,"minecraft:blue_bed":15,"minecraft:bone":3,"minecraft:acacia_planks":1,"minecraft:apple":2,"minecraft:wheat_seeds":24,"minecraft:bell":4,"minecraft:grindstone":1,"minecraft:iron_ingot":38,"minecraft:acacia_sapling":7,"minecraft:quartz":11,"minecraft:dandelion":2,"minecraft:gravel":3,"minecraft:jungle_planks":5,"minecraft:acacia_stairs":1,"minecraft:jungle_slab":6,"minecraft:spider_eye":2,"minecraft:diamond_shovel":1,"minecraft:breeze_rod":1,"minecraft:diamond_axe":2,"minecraft:emerald":9,"minecraft:oak_sapling":3,"minecraft:acacia_slab":5,"minecraft:netherrack":197,"minecraft:diamond_pickaxe":2},"minecraft:custom":{"minecraft:mob_kills":76,"minecraft:interact_with_anvil":1,"minecraft:interact_with_crafting_table":16,"minecraft:bell_ring":16,"minecraft:eat_cake_slice":3,"minecraft:leave_game":6,"minecraft:time_since_death":156669,"minecraft:climb_one_cm":343,"minecraft:sprint_one_cm":422438,"minecraft:walk_one_cm":366283,"minecraft:damage_blocked_by_shield":725,"minecraft:drop":75,"minecraft:talked_to_villager":88,"minecraft:play_time":191835,"minecraft:deaths":1,"minecraft:sneak_time":4735,"minecraft:walk_under_water_one_cm":1479,"minecraft:jump":2315,"minecraft:walk_on_water_one_cm":4596,"minecraft:total_world_time":191835,"minecraft:interact_with_furnace":13,"minecraft:traded_with_villager":388,"minecraft:sleep_in_bed":10,"minecraft:time_since_rest":74496,"minecraft:damage_taken":2085,"minecraft:damage_dealt":18955,"minecraft:fly_one_cm":438550,"minecraft:swim_one_cm":3031,"minecraft:open_chest":35,"minecraft:crouch_one_cm":11885,"minecraft:fall_one_cm":53985},"minecraft:killed_by":{"minecraft:zombie":1},"minecraft:dropped":{"minecraft:acacia_wood":1,"minecraft:wheat_seeds":24,"minecraft:golden_pickaxe":4,"minecraft:crafting_table":2,"minecraft:stick":1,"minecraft:emerald":52,"minecraft:dirt":18,"minecraft:jungle_slab":3,"minecraft:iron_axe":15,"minecraft:smooth_stone":2,"minecraft:string":1,"minecraft:acacia_planks":1,"minecraft:blue_bed":3,"minecraft:dandelion":2,"minecraft:stone_axe":1,"minecraft:wheat":2,"minecraft:rotten_flesh":4,"minecraft:stone_slab":5,"minecraft:acacia_stairs":1,"minecraft:diamond_sword":3,"minecraft:poppy":53,"minecraft:cobblestone_slab":4,"minecraft:shield":2,"minecraft:gunpowder":1,"minecraft:acacia_slab":10,"minecraft:acacia_sapling":7,"minecraft:oak_sapling":3,"minecraft:redstone_torch":1,"minecraft:breeze_rod":1,"minecraft:spider_eye":1,"minecraft:arrow":1},"minecraft:mined":{"minecraft:nether_gold_ore":1,"minecraft:farmland":2,"minecraft:jungle_slab":5,"minecraft:nether_bricks":7,"minecraft:acacia_log":2,"minecraft:grass_block":9,"minecraft:jungle_planks":5,"minecraft:jungle_log":9,"minecraft:acacia_slab":6,"minecraft:jungle_sapling":8,"minecraft:iron_ore":2,"minecraft:fire":38,"minecraft:acacia_wood":1,"minecraft:bell":4,"minecraft:nether_brick_fence":1,"minecraft:dirt_path":2,"minecraft:cobblestone_slab":9,"minecraft:vine":14,"minecraft:stone":20,"minecraft:glass_pane":1,"minecraft:dandelion":2,"minecraft:crafting_table":2,"minecraft:short_grass":203,"minecraft:poppy":3,"minecraft:nether_quartz_ore":11,"minecraft:tall_grass":2,"minecraft:cobblestone":13,"minecraft:grindstone":1,"minecraft:sugar_cane":5,"minecraft:blue_bed":12,"minecraft:light_blue_bed":2,"minecraft:nether_wart_block":1,"minecraft:gravel":4,"minecraft:dirt":9,"minecraft:netherrack":233},"minecraft:killed":{"minecraft:armadillo":7,"minecraft:spider":4,"minecraft:skeleton":4,"minecraft:cat":2,"minecraft:magma_cube":7,"minecraft:piglin":7,"minecraft:iron_golem":9,"minecraft:creeper":2,"minecraft:zombie":5,"minecraft:breeze":1,"minecraft:wither_skeleton":1,"minecraft:blaze":25,"minecraft:enderman":1}},"DataVersion":3955}