{"stats":{"minecraft:used":{"minecraft:shield":40,"minecraft:diamond_axe":44,"minecraft:iron_chestplate":1,"minecraft:cookie":26,"minecraft:torch":124,"minecraft:diamond_pickaxe":1374,"minecraft:diamond_shovel":118,"minecraft:bread":16,"minecraft:melon_slice":12,"minecraft:diamond_sword":152,"minecraft:cobblestone":63,"minecraft:cooked_porkchop":3,"minecraft:chainmail_boots":1,"minecraft:furnace":3,"minecraft:cobbled_deepslate":44,"minecraft:golden_pickaxe":5,"minecraft:iron_leggings":1},"minecraft:crafted":{"minecraft:furnace":2,"minecraft:copper_ingot":64,"minecraft:bread":21,"minecraft:air":0,"minecraft:diamond_helmet":1,"minecraft:stick":16,"minecraft:iron_ingot":74,"minecraft:gold_ingot":25,"minecraft:acacia_planks":48,"minecraft:torch":108,"minecraft:diamond_chestplate":1,"minecraft:wheat":36},"minecraft:picked_up":{"minecraft:wheat":2,"minecraft:cooked_beef":11,"minecraft:nether_brick_fence":2,"minecraft:chest_minecart":3,"minecraft:andesite":74,"minecraft:golden_pickaxe":3,"minecraft:leather":5,"minecraft:diamond_sword":1,"minecraft:acacia_wood":3,"minecraft:enchanted_book":1,"minecraft:flint":3,"minecraft:shield":1,"minecraft:string":64,"minecraft:lapis_lazuli":82,"minecraft:dirt":61,"minecraft:raw_copper":125,"minecraft:bone":4,"minecraft:wheat_seeds":7,"minecraft:gold_nugget":138,"minecraft:cobbled_deepslate":194,"minecraft:raw_gold":28,"minecraft:iron_ingot":6,"minecraft:poppy":2,"minecraft:melon_slice":42,"minecraft:furnace":1,"minecraft:raw_iron":72,"minecraft:stick":1,"minecraft:cooked_porkchop":10,"minecraft:torch":37,"minecraft:acacia_log":9,"minecraft:gravel":37,"minecraft:diorite":64,"minecraft:grass_block":2,"minecraft:redstone":31,"minecraft:diamond_shovel":1,"minecraft:rotten_flesh":6,"minecraft:arrow":3,"minecraft:diamond":5,"minecraft:stone_axe":1,"minecraft:hay_block":12,"minecraft:granite":71,"minecraft:blaze_rod":3,"minecraft:netherrack":100,"minecraft:emerald":52,"minecraft:bread":2,"minecraft:ender_pearl":2,"minecraft:glow_berries":6,"minecraft:melon_seeds":4,"minecraft:rail":6,"minecraft:coal":92,"minecraft:cobblestone":1034,"minecraft:diamond_pickaxe":1},"minecraft:custom":{"minecraft:interact_with_smithing_table":1,"minecraft:interact_with_furnace":26,"minecraft:interact_with_anvil":1,"minecraft:mob_kills":32,"minecraft:inspect_hopper":10,"minecraft:traded_with_villager":2,"minecraft:interact_with_crafting_table":7,"minecraft:bell_ring":18,"minecraft:interact_with_grindstone":1,"minecraft:eat_cake_slice":9,"minecraft:leave_game":3,"minecraft:time_since_death":146441,"minecraft:sleep_in_bed":5,"minecraft:climb_one_cm":970,"minecraft:time_since_rest":123385,"minecraft:sprint_one_cm":264727,"minecraft:damage_taken":1524,"minecraft:walk_one_cm":531133,"minecraft:damage_blocked_by_shield":1920,"minecraft:drop":38,"minecraft:damage_dealt":5431,"minecraft:talked_to_villager":11,"minecraft:fly_one_cm":201006,"minecraft:open_chest":84,"minecraft:crouch_one_cm":4916,"minecraft:play_time":146441,"minecraft:sneak_time":1899,"minecraft:walk_under_water_one_cm":269,"minecraft:jump":1689,"minecraft:walk_on_water_one_cm":8727,"minecraft:total_world_time":146441,"minecraft:fall_one_cm":25627},"minecraft:dropped":{"minecraft:gravel":37,"minecraft:bread":7,"minecraft:golden_pickaxe":2,"minecraft:cookie":1,"minecraft:rotten_flesh":1,"minecraft:cobblestone":926,"minecraft:chest_minecart":2,"minecraft:granite":7,"minecraft:rail":6,"minecraft:stick":1,"minecraft:diorite":64,"minecraft:diamond_pickaxe":1,"minecraft:andesite":11,"minecraft:gold_nugget":1},"minecraft:mined":{"minecraft:nether_gold_ore":38,"minecraft:deepslate_redstone_ore":5,"minecraft:tuff":89,"minecraft:glass_pane":1,"minecraft:deepslate_diamond_ore":5,"minecraft:glow_lichen":1,"minecraft:torch":3,"minecraft:granite":41,"minecraft:short_grass":8,"minecraft:acacia_log":9,"minecraft:grass_block":18,"minecraft:melon":9,"minecraft:copper_ore":37,"minecraft:cobblestone":4,"minecraft:deepslate_gold_ore":22,"minecraft:lapis_ore":9,"minecraft:diorite":28,"minecraft:wall_torch":8,"minecraft:spawner":2,"minecraft:hay_block":13,"minecraft:redstone_ore":2,"minecraft:furnace":1,"minecraft:fire":7,"minecraft:iron_ore":43,"minecraft:cobbled_deepslate":3,"minecraft:wheat":1,"minecraft:acacia_wood":3,"minecraft:andesite":60,"minecraft:nether_brick_fence":2,"minecraft:coal_ore":83,"minecraft:deepslate_iron_ore":23,"minecraft:dirt_path":3,"minecraft:rail":1,"minecraft:gravel":54,"minecraft:dirt":44,"minecraft:cobweb":68,"minecraft:netherrack":129,"minecraft:stone":238,"minecraft:gold_ore":3,"minecraft:deepslate":505},"minecraft:killed":{"minecraft:cave_spider":4,"minecraft:pig":4,"minecraft:spider":2,"minecraft:skeleton":3,"minecraft:zombie":4,"minecraft:blaze":6,"minecraft:cow":5,"minecraft:enderman":1}},"DataVersion":3955}