{"stats":{"minecraft:mined":{"minecraft:nether_gold_ore":38,"minecraft:deepslate_redstone_ore":5,"minecraft:tuff":89,"minecraft:glass_pane":1,"minecraft:deepslate_diamond_ore":5,"minecraft:torch":3,"minecraft:glow_lichen":1,"minecraft:granite":41,"minecraft:short_grass":8,"minecraft:acacia_log":9,"minecraft:grass_block":18,"minecraft:melon":9,"minecraft:copper_ore":37,"minecraft:cobblestone":4,"minecraft:lapis_ore":9,"minecraft:deepslate_gold_ore":22,"minecraft:diorite":28,"minecraft:wall_torch":8,"minecraft:spawner":2,"minecraft:hay_block":13,"minecraft:redstone_ore":2,"minecraft:furnace":1,"minecraft:fire":7,"minecraft:iron_ore":43,"minecraft:cobbled_deepslate":3,"minecraft:wheat":1,"minecraft:acacia_wood":3,"minecraft:andesite":60,"minecraft:nether_brick_fence":2,"minecraft:coal_ore":83,"minecraft:deepslate_iron_ore":23,"minecraft:dirt_path":3,"minecraft:rail":1,"minecraft:gravel":54,"minecraft:dirt":44,"minecraft:cobweb":68,"minecraft:stone":238,"minecraft:netherrack":133,"minecraft:gold_ore":3,"minecraft:deepslate":505},"minecraft:dropped":{"minecraft:gravel":37,"minecraft:bread":7,"minecraft:golden_pickaxe":2,"minecraft:ender_pearl":2,"minecraft:diamond":5,"minecraft:cookie":1,"minecraft:cobblestone":926,"minecraft:rotten_flesh":1,"minecraft:chest_minecart":2,"minecraft:granite":7,"minecraft:rail":6,"minecraft:stick":1,"minecraft:diorite":64,"minecraft:diamond_pickaxe":1,"minecraft:andesite":11,"minecraft:gold_nugget":1},"minecraft:picked_up":{"minecraft:wheat":2,"minecraft:cooked_beef":22,"minecraft:nether_brick_fence":4,"minecraft:golden_pickaxe":4,"minecraft:andesite":138,"minecraft:chest_minecart":3,"minecraft:leather":10,"minecraft:diamond_sword":2,"minecraft:acacia_wood":3,"minecraft:enchanted_book":1,"minecraft:flint":3,"minecraft:shield":1,"minecraft:lapis_lazuli":82,"minecraft:string":64,"minecraft:dirt":122,"minecraft:raw_copper":125,"minecraft:bone":4,"minecraft:acacia_planks":40,"minecraft:diamond_leggings":1,"minecraft:wheat_seeds":7,"minecraft:gold_nugget":275,"minecraft:cobbled_deepslate":345,"minecraft:raw_gold":28,"minecraft:iron_ingot":6,"minecraft:poppy":2,"minecraft:diamond_helmet":1,"minecraft:melon_slice":99,"minecraft:furnace":1,"minecraft:stick":1,"minecraft:raw_iron":72,"minecraft:cooked_porkchop":17,"minecraft:torch":62,"minecraft:acacia_log":9,"minecraft:gravel":37,"minecraft:cookie":12,"minecraft:diorite":64,"minecraft:grass_block":4,"minecraft:redstone":31,"minecraft:diamond_chestplate":1,"minecraft:diamond_shovel":3,"minecraft:arrow":3,"minecraft:rotten_flesh":11,"minecraft:diamond":10,"minecraft:stone_axe":1,"minecraft:diamond_boots":1,"minecraft:hay_block":24,"minecraft:diamond_axe":1,"minecraft:granite":135,"minecraft:emerald":52,"minecraft:bread":2,"minecraft:netherrack":210,"minecraft:blaze_rod":6,"minecraft:melon_seeds":4,"minecraft:glow_berries":6,"minecraft:coal":92,"minecraft:diamond_pickaxe":2,"minecraft:rail":6,"minecraft:cobblestone":1205,"minecraft:ender_pearl":4},"minecraft:used":{"minecraft:shield":40,"minecraft:netherrack":29,"minecraft:diamond_axe":44,"minecraft:iron_chestplate":1,"minecraft:cookie":26,"minecraft:torch":124,"minecraft:diamond_pickaxe":1374,"minecraft:diamond_shovel":118,"minecraft:bread":16,"minecraft:melon_slice":12,"minecraft:diamond_sword":155,"minecraft:cobblestone":63,"minecraft:furnace":3,"minecraft:cooked_porkchop":5,"minecraft:chainmail_boots":1,"minecraft:iron_leggings":1,"minecraft:cobbled_deepslate":44,"minecraft:golden_pickaxe":9},"minecraft:killed":{"minecraft:piglin":1,"minecraft:cave_spider":4,"minecraft:pig":4,"minecraft:spider":2,"minecraft:skeleton":3,"minecraft:zombie":4,"minecraft:blaze":6,"minecraft:enderman":1,"minecraft:cow":5},"minecraft:custom":{"minecraft:interact_with_smithing_table":1,"minecraft:interact_with_furnace":26,"minecraft:interact_with_anvil":1,"minecraft:mob_kills":33,"minecraft:inspect_hopper":10,"minecraft:traded_with_villager":2,"minecraft:interact_with_crafting_table":7,"minecraft:bell_ring":18,"minecraft:eat_cake_slice":9,"minecraft:interact_with_grindstone":1,"minecraft:leave_game":6,"minecraft:time_since_death":8619,"minecraft:sleep_in_bed":5,"minecraft:climb_one_cm":970,"minecraft:time_since_rest":8739,"minecraft:sprint_one_cm":293391,"minecraft:damage_taken":1814,"minecraft:walk_one_cm":551872,"minecraft:damage_blocked_by_shield":1920,"minecraft:drop":40,"minecraft:damage_dealt":5571,"minecraft:talked_to_villager":11,"minecraft:fly_one_cm":253085,"minecraft:open_chest":84,"minecraft:crouch_one_cm":6327,"minecraft:deaths":1,"minecraft:play_time":155532,"minecraft:sneak_time":2181,"minecraft:walk_under_water_one_cm":269,"minecraft:jump":1916,"minecraft:walk_on_water_one_cm":9360,"minecraft:total_world_time":155532,"minecraft:fall_one_cm":32925},"minecraft:crafted":{"minecraft:furnace":2,"minecraft:copper_ingot":64,"minecraft:bread":21,"minecraft:air":0,"minecraft:diamond_helmet":1,"minecraft:stick":16,"minecraft:iron_ingot":74,"minecraft:gold_ingot":25,"minecraft:acacia_planks":48,"minecraft:torch":108,"minecraft:diamond_chestplate":1,"minecraft:wheat":36}},"DataVersion":3955}