{"stats":{"minecraft:dropped":{"minecraft:bread":64,"minecraft:jungle_planks":40,"minecraft:stick":60,"minecraft:acacia_planks":8,"minecraft:stone_shovel":1,"minecraft:white_bed":1,"minecraft:poppy":3,"minecraft:golden_leggings":1,"minecraft:chainmail_boots":4},"minecraft:picked_up":{"minecraft:cocoa_beans":4,"minecraft:wheat":26,"minecraft:chainmail_boots":3,"minecraft:brewing_stand":2,"minecraft:string":7,"minecraft:red_bed":4,"minecraft:acacia_door":1,"minecraft:experience_bottle":1,"minecraft:cartography_table":1,"minecraft:jungle_sapling":48,"minecraft:poppy":16,"minecraft:melon_slice":27,"minecraft:chest":2,"minecraft:stick":193,"minecraft:raw_iron":2,"minecraft:composter":2,"minecraft:torch":5,"minecraft:acacia_log":267,"minecraft:orange_bed":10,"minecraft:arrow":4,"minecraft:stone_shovel":2,"minecraft:hay_block":44,"minecraft:mutton":1,"minecraft:cobblestone":439,"minecraft:white_wool":24,"minecraft:jungle_log":1063,"minecraft:golden_leggings":1,"minecraft:potato":2,"minecraft:acacia_wood":10,"minecraft:flint":9,"minecraft:oak_log":5,"minecraft:dirt":45,"minecraft:acacia_planks":8,"minecraft:wheat_seeds":86,"minecraft:bell":2,"minecraft:iron_ingot":38,"minecraft:grindstone":1,"minecraft:stone_pickaxe":1,"minecraft:fletching_table":2,"minecraft:bamboo":8,"minecraft:acacia_sapling":66,"minecraft:gravel":55,"minecraft:sand":9,"minecraft:jungle_planks":43,"minecraft:white_bed":4,"minecraft:acacia_stairs":2,"minecraft:dark_oak_log":2,"minecraft:stone_axe":1,"minecraft:crossbow":1,"minecraft:gray_wool":1,"minecraft:bread":6,"minecraft:oak_sapling":3,"minecraft:melon_seeds":12,"minecraft:coal":18},"minecraft:mined":{"minecraft:attached_melon_stem":3,"minecraft:white_bed":3,"minecraft:brewing_stand":2,"minecraft:acacia_log":21,"minecraft:grass_block":19,"minecraft:jungle_planks":3,"minecraft:jungle_log":143,"minecraft:cartography_table":1,"minecraft:composter":2,"minecraft:hay_block":44,"minecraft:acacia_wood":10,"minecraft:acacia_stairs":2,"minecraft:fletching_table":2,"minecraft:bell":2,"minecraft:vine":12,"minecraft:dirt_path":4,"minecraft:bamboo":1,"minecraft:stone":333,"minecraft:orange_bed":6,"minecraft:acacia_leaves":1,"minecraft:red_bed":4,"minecraft:melon_stem":1,"minecraft:short_grass":81,"minecraft:melon":6,"minecraft:chest":2,"minecraft:cobblestone":8,"minecraft:tall_grass":7,"minecraft:grindstone":1,"minecraft:acacia_sapling":2,"minecraft:wheat":23,"minecraft:coal_ore":18,"minecraft:acacia_door":1,"minecraft:gravel":64,"minecraft:sand":11,"minecraft:dirt":23,"minecraft:oak_leaves":3,"minecraft:fern":1},"minecraft:custom":{"minecraft:mob_kills":11,"minecraft:animals_bred":1,"minecraft:interact_with_crafting_table":40,"minecraft:open_barrel":1,"minecraft:bell_ring":54,"minecraft:leave_game":8,"minecraft:time_since_death":204345,"minecraft:climb_one_cm":3608,"minecraft:sprint_one_cm":427482,"minecraft:walk_one_cm":225196,"minecraft:drop":12,"minecraft:talked_to_villager":68,"minecraft:play_time":204345,"minecraft:sneak_time":1161,"minecraft:walk_under_water_one_cm":2618,"minecraft:boat_one_cm":369,"minecraft:jump":1954,"minecraft:interact_with_blast_furnace":1,"minecraft:walk_on_water_one_cm":14760,"minecraft:total_world_time":204345,"minecraft:interact_with_furnace":10,"minecraft:traded_with_villager":366,"minecraft:sleep_in_bed":10,"minecraft:time_since_rest":6469,"minecraft:damage_taken":269,"minecraft:damage_dealt":9168,"minecraft:swim_one_cm":25886,"minecraft:fly_one_cm":467578,"minecraft:open_chest":26,"minecraft:crouch_one_cm":617,"minecraft:fall_one_cm":54955},"minecraft:crafted":{"minecraft:smooth_stone":3,"minecraft:oak_planks":20,"minecraft:furnace":4,"minecraft:blast_furnace":1,"minecraft:loom":1,"minecraft:stone":3,"minecraft:diamond_helmet":1,"minecraft:diamond_leggings":3,"minecraft:stone_pickaxe":3,"minecraft:chest":3,"minecraft:diamond_boots":3,"minecraft:dark_oak_planks":4,"minecraft:stone_hoe":1,"minecraft:wheat":90,"minecraft:emerald":298,"minecraft:crafting_table":7,"minecraft:acacia_slab":6,"minecraft:wooden_pickaxe":1,"minecraft:acacia_trapdoor":2,"minecraft:light_blue_wool":12,"minecraft:smithing_table":1,"minecraft:blue_bed":5,"minecraft:golden_pickaxe":1,"minecraft:fletching_table":4,"minecraft:campfire":1,"minecraft:stone_axe":19,"minecraft:acacia_boat":1,"minecraft:bread":71,"minecraft:air":0,"minecraft:jungle_planks":4140,"minecraft:iron_chestplate":5,"minecraft:charcoal":3,"minecraft:stick":9895,"minecraft:iron_ingot":2,"minecraft:chainmail_boots":15,"minecraft:light_blue_bed":4,"minecraft:iron_leggings":5,"minecraft:white_bed":8,"minecraft:acacia_planks":940,"minecraft:torch":76,"minecraft:shears":12,"minecraft:diamond_chestplate":1},"minecraft:killed":{"minecraft:iron_golem":10,"minecraft:sheep":1},"minecraft:broken":{"minecraft:stone_pickaxe":2,"minecraft:stone_axe":4},"minecraft:used":{"minecraft:acacia_log":2,"minecraft:stone_shovel":93,"minecraft:chest":3,"minecraft:bell":2,"minecraft:stone_hoe":45,"minecraft:orange_bed":10,"minecraft:torch":31,"minecraft:dirt":16,"minecraft:jungle_planks":9,"minecraft:acacia_sapling":19,"minecraft:jungle_sapling":43,"minecraft:acacia_slab":1,"minecraft:jungle_log":28,"minecraft:light_blue_bed":4,"minecraft:golden_carrot":9,"minecraft:furnace":3,"minecraft:acacia_boat":1,"minecraft:acacia_trapdoor":2,"minecraft:stone_pickaxe":363,"minecraft:wooden_pickaxe":3,"minecraft:composter":2,"minecraft:blue_bed":5,"minecraft:fletching_table":6,"minecraft:crafting_table":7,"minecraft:loom":1,"minecraft:red_bed":4,"minecraft:blast_furnace":1,"minecraft:white_bed":11,"minecraft:campfire":1,"minecraft:bread":11,"minecraft:gravel":2,"minecraft:stone_axe":313,"minecraft:cobblestone":75}},"DataVersion":3955}