{"stats":{"minecraft:dropped":{"minecraft:bread":64,"minecraft:jungle_planks":40,"minecraft:stick":60,"minecraft:iron_axe":3,"minecraft:acacia_planks":8,"minecraft:stone_shovel":1,"minecraft:white_bed":1,"minecraft:poppy":14,"minecraft:golden_leggings":1,"minecraft:chainmail_boots":4,"minecraft:stone_pickaxe":1},"minecraft:picked_up":{"minecraft:cocoa_beans":4,"minecraft:wheat":26,"minecraft:chainmail_boots":3,"minecraft:smithing_table":3,"minecraft:brewing_stand":2,"minecraft:string":7,"minecraft:red_bed":4,"minecraft:iron_axe":3,"minecraft:acacia_door":1,"minecraft:experience_bottle":1,"minecraft:cartography_table":1,"minecraft:jungle_sapling":137,"minecraft:poppy":19,"minecraft:melon_slice":27,"minecraft:chest":2,"minecraft:stick":298,"minecraft:raw_iron":2,"minecraft:composter":2,"minecraft:torch":5,"minecraft:acacia_log":267,"minecraft:orange_bed":10,"minecraft:arrow":4,"minecraft:stone_shovel":2,"minecraft:hay_block":44,"minecraft:mutton":3,"minecraft:cobblestone":439,"minecraft:white_wool":24,"minecraft:jungle_log":2237,"minecraft:golden_leggings":1,"minecraft:potato":2,"minecraft:acacia_wood":10,"minecraft:flint":9,"minecraft:oak_log":5,"minecraft:dirt":52,"minecraft:acacia_planks":8,"minecraft:wheat_seeds":94,"minecraft:bell":2,"minecraft:iron_ingot":55,"minecraft:grindstone":1,"minecraft:stone_pickaxe":2,"minecraft:fletching_table":2,"minecraft:bamboo":8,"minecraft:acacia_sapling":66,"minecraft:gravel":55,"minecraft:sand":9,"minecraft:jungle_planks":44,"minecraft:white_bed":4,"minecraft:acacia_stairs":2,"minecraft:dark_oak_log":2,"minecraft:stone_axe":1,"minecraft:crossbow":1,"minecraft:gray_wool":2,"minecraft:bread":6,"minecraft:oak_sapling":3,"minecraft:melon_seeds":12,"minecraft:coal":18},"minecraft:mined":{"minecraft:attached_melon_stem":3,"minecraft:white_bed":3,"minecraft:brewing_stand":2,"minecraft:acacia_log":21,"minecraft:grass_block":26,"minecraft:jungle_planks":5,"minecraft:jungle_log":149,"minecraft:cartography_table":1,"minecraft:composter":2,"minecraft:hay_block":44,"minecraft:jungle_sapling":1,"minecraft:acacia_wood":10,"minecraft:acacia_stairs":2,"minecraft:fletching_table":2,"minecraft:bell":2,"minecraft:vine":16,"minecraft:dirt_path":4,"minecraft:bamboo":1,"minecraft:stone":333,"minecraft:orange_bed":6,"minecraft:smithing_table":3,"minecraft:acacia_leaves":1,"minecraft:red_bed":4,"minecraft:melon_stem":1,"minecraft:short_grass":159,"minecraft:melon":6,"minecraft:chest":2,"minecraft:cobblestone":8,"minecraft:tall_grass":7,"minecraft:grindstone":1,"minecraft:acacia_sapling":2,"minecraft:wheat":23,"minecraft:coal_ore":18,"minecraft:acacia_door":1,"minecraft:gravel":64,"minecraft:sand":11,"minecraft:dirt":23,"minecraft:oak_leaves":3,"minecraft:fern":1},"minecraft:custom":{"minecraft:mob_kills":17,"minecraft:animals_bred":1,"minecraft:interact_with_crafting_table":42,"minecraft:open_barrel":1,"minecraft:bell_ring":54,"minecraft:leave_game":9,"minecraft:time_since_death":302436,"minecraft:climb_one_cm":4231,"minecraft:sprint_one_cm":527692,"minecraft:walk_one_cm":346795,"minecraft:drop":17,"minecraft:talked_to_villager":129,"minecraft:play_time":302436,"minecraft:sneak_time":1973,"minecraft:walk_under_water_one_cm":2618,"minecraft:boat_one_cm":369,"minecraft:jump":2234,"minecraft:interact_with_blast_furnace":1,"minecraft:walk_on_water_one_cm":14856,"minecraft:total_world_time":302436,"minecraft:interact_with_furnace":10,"minecraft:traded_with_villager":577,"minecraft:sleep_in_bed":13,"minecraft:time_since_rest":66786,"minecraft:damage_taken":479,"minecraft:damage_dealt":13197,"minecraft:swim_one_cm":25886,"minecraft:fly_one_cm":513109,"minecraft:open_chest":40,"minecraft:crouch_one_cm":3065,"minecraft:fall_one_cm":61888},"minecraft:crafted":{"minecraft:smooth_stone":3,"minecraft:oak_planks":20,"minecraft:furnace":4,"minecraft:blast_furnace":1,"minecraft:loom":1,"minecraft:stone":3,"minecraft:diamond_shovel":3,"minecraft:diamond_helmet":1,"minecraft:diamond_leggings":3,"minecraft:iron_axe":6,"minecraft:stone_pickaxe":3,"minecraft:chest":4,"minecraft:diamond_boots":3,"minecraft:dark_oak_planks":4,"minecraft:stone_hoe":1,"minecraft:wheat":90,"minecraft:emerald":483,"minecraft:diamond_axe":4,"minecraft:crafting_table":7,"minecraft:acacia_slab":6,"minecraft:wooden_pickaxe":1,"minecraft:acacia_trapdoor":2,"minecraft:light_blue_wool":12,"minecraft:smithing_table":1,"minecraft:blue_bed":5,"minecraft:golden_pickaxe":1,"minecraft:fletching_table":4,"minecraft:campfire":1,"minecraft:stone_axe":34,"minecraft:acacia_boat":1,"minecraft:bread":71,"minecraft:air":0,"minecraft:jungle_planks":6660,"minecraft:diamond_pickaxe":3,"minecraft:iron_chestplate":5,"minecraft:charcoal":3,"minecraft:stick":14934,"minecraft:iron_ingot":2,"minecraft:chainmail_boots":15,"minecraft:light_blue_bed":4,"minecraft:iron_leggings":5,"minecraft:white_bed":8,"minecraft:acacia_planks":940,"minecraft:torch":76,"minecraft:shears":12,"minecraft:diamond_chestplate":1},"minecraft:killed":{"minecraft:iron_golem":14,"minecraft:creeper":1,"minecraft:sheep":2},"minecraft:broken":{"minecraft:stone_pickaxe":2,"minecraft:stone_axe":4},"minecraft:used":{"minecraft:acacia_log":2,"minecraft:stone_shovel":93,"minecraft:chest":4,"minecraft:bell":2,"minecraft:stone_hoe":45,"minecraft:orange_bed":10,"minecraft:torch":31,"minecraft:dirt":16,"minecraft:jungle_planks":9,"minecraft:acacia_sapling":19,"minecraft:jungle_sapling":136,"minecraft:iron_axe":16,"minecraft:acacia_slab":1,"minecraft:jungle_log":31,"minecraft:light_blue_bed":4,"minecraft:golden_carrot":10,"minecraft:furnace":3,"minecraft:acacia_boat":1,"minecraft:acacia_trapdoor":2,"minecraft:stone_pickaxe":363,"minecraft:wooden_pickaxe":3,"minecraft:composter":2,"minecraft:blue_bed":5,"minecraft:fletching_table":6,"minecraft:diamond_axe":4,"minecraft:crafting_table":7,"minecraft:loom":1,"minecraft:red_bed":4,"minecraft:blast_furnace":1,"minecraft:white_bed":11,"minecraft:campfire":1,"minecraft:bread":13,"minecraft:gravel":2,"minecraft:stone_axe":357,"minecraft:cobblestone":75,"minecraft:smithing_table":4}},"DataVersion":3955}