{"stats":{"minecraft:custom":{"minecraft:mob_kills":4,"minecraft:animals_bred":1,"minecraft:interact_with_crafting_table":32,"minecraft:open_barrel":1,"minecraft:bell_ring":54,"minecraft:leave_game":7,"minecraft:time_since_death":155816,"minecraft:climb_one_cm":2972,"minecraft:sprint_one_cm":360308,"minecraft:walk_one_cm":161370,"minecraft:drop":6,"minecraft:talked_to_villager":36,"minecraft:play_time":155816,"minecraft:sneak_time":77,"minecraft:walk_under_water_one_cm":1052,"minecraft:boat_one_cm":369,"minecraft:jump":1660,"minecraft:walk_on_water_one_cm":12093,"minecraft:total_world_time":155816,"minecraft:interact_with_furnace":8,"minecraft:traded_with_villager":177,"minecraft:sleep_in_bed":6,"minecraft:time_since_rest":10102,"minecraft:damage_taken":220,"minecraft:damage_dealt":2170,"minecraft:swim_one_cm":25043,"minecraft:fly_one_cm":423933,"minecraft:open_chest":23,"minecraft:crouch_one_cm":12,"minecraft:fall_one_cm":49646},"minecraft:used":{"minecraft:acacia_log":2,"minecraft:stone_shovel":93,"minecraft:chest":3,"minecraft:bell":2,"minecraft:stone_hoe":45,"minecraft:orange_bed":10,"minecraft:torch":30,"minecraft:dirt":16,"minecraft:acacia_sapling":19,"minecraft:jungle_sapling":29,"minecraft:acacia_slab":1,"minecraft:jungle_log":5,"minecraft:light_blue_bed":4,"minecraft:golden_carrot":4,"minecraft:furnace":3,"minecraft:acacia_boat":1,"minecraft:acacia_trapdoor":2,"minecraft:stone_pickaxe":358,"minecraft:wooden_pickaxe":3,"minecraft:composter":2,"minecraft:fletching_table":6,"minecraft:blue_bed":5,"minecraft:crafting_table":7,"minecraft:loom":1,"minecraft:red_bed":4,"minecraft:blast_furnace":1,"minecraft:campfire":1,"minecraft:white_bed":11,"minecraft:bread":11,"minecraft:gravel":2,"minecraft:stone_axe":174,"minecraft:cobblestone":69},"minecraft:mined":{"minecraft:white_bed":3,"minecraft:attached_melon_stem":3,"minecraft:brewing_stand":2,"minecraft:acacia_log":21,"minecraft:grass_block":19,"minecraft:jungle_log":86,"minecraft:cartography_table":1,"minecraft:composter":2,"minecraft:hay_block":44,"minecraft:acacia_wood":10,"minecraft:acacia_stairs":2,"minecraft:fletching_table":2,"minecraft:bell":2,"minecraft:dirt_path":4,"minecraft:vine":4,"minecraft:bamboo":1,"minecraft:stone":332,"minecraft:orange_bed":6,"minecraft:acacia_leaves":1,"minecraft:red_bed":4,"minecraft:melon_stem":1,"minecraft:short_grass":80,"minecraft:melon":6,"minecraft:chest":2,"minecraft:tall_grass":7,"minecraft:cobblestone":5,"minecraft:grindstone":1,"minecraft:acacia_sapling":2,"minecraft:wheat":23,"minecraft:coal_ore":18,"minecraft:acacia_door":1,"minecraft:gravel":64,"minecraft:sand":11,"minecraft:dirt":23,"minecraft:oak_leaves":3,"minecraft:fern":1},"minecraft:crafted":{"minecraft:smooth_stone":3,"minecraft:furnace":4,"minecraft:blast_furnace":1,"minecraft:loom":1,"minecraft:stone":3,"minecraft:stone_pickaxe":3,"minecraft:chest":3,"minecraft:dark_oak_planks":4,"minecraft:stone_hoe":1,"minecraft:wheat":90,"minecraft:emerald":132,"minecraft:crafting_table":7,"minecraft:acacia_slab":6,"minecraft:wooden_pickaxe":1,"minecraft:acacia_trapdoor":2,"minecraft:light_blue_wool":12,"minecraft:blue_bed":5,"minecraft:fletching_table":4,"minecraft:campfire":1,"minecraft:stone_axe":14,"minecraft:acacia_boat":1,"minecraft:bread":71,"minecraft:air":0,"minecraft:jungle_planks":1852,"minecraft:iron_chestplate":5,"minecraft:charcoal":3,"minecraft:stick":4324,"minecraft:iron_ingot":2,"minecraft:light_blue_bed":4,"minecraft:iron_leggings":5,"minecraft:white_bed":8,"minecraft:acacia_planks":444,"minecraft:torch":76,"minecraft:shears":12},"minecraft:killed":{"minecraft:iron_golem":3,"minecraft:sheep":1},"minecraft:dropped":{"minecraft:bread":64,"minecraft:stick":60,"minecraft:acacia_planks":8,"minecraft:stone_shovel":1,"minecraft:white_bed":1,"minecraft:golden_leggings":1},"minecraft:picked_up":{"minecraft:cocoa_beans":4,"minecraft:wheat":26,"minecraft:brewing_stand":2,"minecraft:string":7,"minecraft:red_bed":4,"minecraft:acacia_door":1,"minecraft:experience_bottle":1,"minecraft:cartography_table":1,"minecraft:jungle_sapling":30,"minecraft:poppy":4,"minecraft:melon_slice":27,"minecraft:chest":2,"minecraft:stick":160,"minecraft:raw_iron":2,"minecraft:composter":2,"minecraft:torch":5,"minecraft:acacia_log":267,"minecraft:orange_bed":10,"minecraft:stone_shovel":2,"minecraft:arrow":4,"minecraft:hay_block":44,"minecraft:mutton":1,"minecraft:white_wool":24,"minecraft:cobblestone":345,"minecraft:jungle_log":739,"minecraft:golden_leggings":1,"minecraft:acacia_wood":10,"minecraft:potato":2,"minecraft:flint":9,"minecraft:oak_log":5,"minecraft:dirt":45,"minecraft:acacia_planks":8,"minecraft:wheat_seeds":86,"minecraft:bell":2,"minecraft:stone_pickaxe":1,"minecraft:grindstone":1,"minecraft:iron_ingot":12,"minecraft:fletching_table":2,"minecraft:bamboo":8,"minecraft:acacia_sapling":66,"minecraft:gravel":55,"minecraft:sand":9,"minecraft:white_bed":4,"minecraft:acacia_stairs":2,"minecraft:dark_oak_log":2,"minecraft:stone_axe":1,"minecraft:crossbow":1,"minecraft:gray_wool":1,"minecraft:bread":6,"minecraft:oak_sapling":3,"minecraft:melon_seeds":10,"minecraft:coal":18},"minecraft:broken":{"minecraft:stone_pickaxe":2,"minecraft:stone_axe":2}},"DataVersion":3955}