{"stats":{"minecraft:custom":{"minecraft:interact_with_furnace":5,"minecraft:animals_bred":1,"minecraft:traded_with_villager":14,"minecraft:interact_with_crafting_table":21,"minecraft:open_barrel":1,"minecraft:bell_ring":54,"minecraft:leave_game":7,"minecraft:time_since_death":83816,"minecraft:sleep_in_bed":3,"minecraft:time_since_rest":5607,"minecraft:sprint_one_cm":161807,"minecraft:damage_taken":110,"minecraft:walk_one_cm":90054,"minecraft:drop":1,"minecraft:talked_to_villager":11,"minecraft:swim_one_cm":996,"minecraft:fly_one_cm":174962,"minecraft:open_chest":12,"minecraft:crouch_one_cm":12,"minecraft:play_time":83816,"minecraft:sneak_time":47,"minecraft:walk_under_water_one_cm":669,"minecraft:boat_one_cm":369,"minecraft:jump":678,"minecraft:walk_on_water_one_cm":4491,"minecraft:total_world_time":83816,"minecraft:fall_one_cm":16981},"minecraft:mined":{"minecraft:acacia_leaves":1,"minecraft:red_bed":2,"minecraft:brewing_stand":2,"minecraft:short_grass":9,"minecraft:acacia_log":19,"minecraft:grass_block":19,"minecraft:melon":2,"minecraft:chest":1,"minecraft:cobblestone":5,"minecraft:grindstone":1,"minecraft:composter":2,"minecraft:cartography_table":1,"minecraft:hay_block":44,"minecraft:acacia_wood":10,"minecraft:acacia_stairs":2,"minecraft:fletching_table":2,"minecraft:bell":2,"minecraft:coal_ore":18,"minecraft:dirt_path":4,"minecraft:gravel":64,"minecraft:dirt":23,"minecraft:acacia_door":1,"minecraft:stone":194,"minecraft:orange_bed":6},"minecraft:used":{"minecraft:acacia_boat":1,"minecraft:acacia_log":2,"minecraft:stone_shovel":82,"minecraft:acacia_trapdoor":2,"minecraft:stone_pickaxe":219,"minecraft:chest":2,"minecraft:wooden_pickaxe":3,"minecraft:composter":2,"minecraft:fletching_table":4,"minecraft:bell":2,"minecraft:stone_hoe":45,"minecraft:orange_bed":10,"minecraft:torch":18,"minecraft:dirt":16,"minecraft:loom":1,"minecraft:crafting_table":5,"minecraft:red_bed":2,"minecraft:white_bed":7,"minecraft:campfire":1,"minecraft:bread":8,"minecraft:acacia_slab":1,"minecraft:gravel":2,"minecraft:stone_axe":42,"minecraft:cobblestone":62,"minecraft:furnace":2},"minecraft:crafted":{"minecraft:emerald":7,"minecraft:crafting_table":5,"minecraft:acacia_slab":6,"minecraft:wooden_pickaxe":1,"minecraft:acacia_trapdoor":2,"minecraft:furnace":2,"minecraft:loom":1,"minecraft:fletching_table":4,"minecraft:campfire":1,"minecraft:stone_axe":1,"minecraft:bread":71,"minecraft:acacia_boat":1,"minecraft:air":0,"minecraft:charcoal":3,"minecraft:stick":256,"minecraft:iron_ingot":2,"minecraft:stone_pickaxe":1,"minecraft:chest":2,"minecraft:white_bed":7,"minecraft:acacia_planks":232,"minecraft:torch":76,"minecraft:stone_hoe":1,"minecraft:shears":1,"minecraft:wheat":90},"minecraft:dropped":{"minecraft:bread":64},"minecraft:picked_up":{"minecraft:acacia_wood":10,"minecraft:flint":9,"minecraft:brewing_stand":2,"minecraft:string":2,"minecraft:dirt":45,"minecraft:red_bed":2,"minecraft:acacia_door":1,"minecraft:wheat_seeds":14,"minecraft:cartography_table":1,"minecraft:bell":2,"minecraft:grindstone":1,"minecraft:stone_pickaxe":1,"minecraft:fletching_table":2,"minecraft:melon_slice":8,"minecraft:chest":1,"minecraft:acacia_sapling":16,"minecraft:stick":19,"minecraft:raw_iron":2,"minecraft:composter":2,"minecraft:torch":2,"minecraft:acacia_log":105,"minecraft:gravel":55,"minecraft:acacia_stairs":2,"minecraft:orange_bed":10,"minecraft:stone_shovel":1,"minecraft:stone_axe":1,"minecraft:hay_block":44,"minecraft:gray_wool":1,"minecraft:bread":6,"minecraft:cobblestone":207,"minecraft:coal":18,"minecraft:white_wool":23},"minecraft:broken":{"minecraft:stone_pickaxe":1,"minecraft:stone_axe":1}},"DataVersion":3955}