{"stats":{"minecraft:custom":{"minecraft:interact_with_furnace":5,"minecraft:animals_bred":1,"minecraft:interact_with_crafting_table":14,"minecraft:open_barrel":1,"minecraft:bell_ring":54,"minecraft:leave_game":7,"minecraft:time_since_death":71816,"minecraft:sleep_in_bed":2,"minecraft:time_since_rest":6421,"minecraft:sprint_one_cm":118829,"minecraft:damage_taken":70,"minecraft:walk_one_cm":65390,"minecraft:swim_one_cm":616,"minecraft:fly_one_cm":123578,"minecraft:open_chest":4,"minecraft:crouch_one_cm":12,"minecraft:play_time":71816,"minecraft:sneak_time":47,"minecraft:walk_under_water_one_cm":565,"minecraft:boat_one_cm":369,"minecraft:jump":510,"minecraft:walk_on_water_one_cm":4427,"minecraft:total_world_time":71816,"minecraft:fall_one_cm":12933},"minecraft:mined":{"minecraft:acacia_leaves":1,"minecraft:red_bed":2,"minecraft:brewing_stand":1,"minecraft:short_grass":3,"minecraft:acacia_log":10,"minecraft:grass_block":19,"minecraft:melon":2,"minecraft:chest":1,"minecraft:cobblestone":5,"minecraft:grindstone":1,"minecraft:composter":2,"minecraft:hay_block":40,"minecraft:acacia_wood":10,"minecraft:acacia_stairs":2,"minecraft:bell":2,"minecraft:coal_ore":18,"minecraft:dirt_path":4,"minecraft:gravel":62,"minecraft:dirt":23,"minecraft:acacia_door":1,"minecraft:stone":134,"minecraft:orange_bed":5},"minecraft:used":{"minecraft:acacia_boat":1,"minecraft:acacia_log":2,"minecraft:stone_shovel":82,"minecraft:acacia_trapdoor":2,"minecraft:stone_pickaxe":158,"minecraft:chest":2,"minecraft:wooden_pickaxe":3,"minecraft:composter":1,"minecraft:bell":2,"minecraft:stone_hoe":40,"minecraft:orange_bed":5,"minecraft:torch":16,"minecraft:dirt":16,"minecraft:crafting_table":5,"minecraft:white_bed":4,"minecraft:campfire":1,"minecraft:bread":6,"minecraft:acacia_slab":1,"minecraft:stone_axe":25,"minecraft:cobblestone":62,"minecraft:furnace":2},"minecraft:crafted":{"minecraft:crafting_table":5,"minecraft:acacia_slab":6,"minecraft:wooden_pickaxe":1,"minecraft:acacia_trapdoor":2,"minecraft:furnace":2,"minecraft:campfire":1,"minecraft:stone_axe":1,"minecraft:bread":29,"minecraft:acacia_boat":1,"minecraft:air":0,"minecraft:charcoal":3,"minecraft:stick":20,"minecraft:iron_ingot":2,"minecraft:stone_pickaxe":1,"minecraft:chest":2,"minecraft:white_bed":4,"minecraft:acacia_planks":188,"minecraft:torch":76,"minecraft:stone_hoe":1,"minecraft:shears":1,"minecraft:wheat":90},"minecraft:picked_up":{"minecraft:acacia_wood":10,"minecraft:flint":9,"minecraft:brewing_stand":1,"minecraft:dirt":45,"minecraft:red_bed":2,"minecraft:acacia_door":1,"minecraft:wheat_seeds":10,"minecraft:bell":2,"minecraft:grindstone":1,"minecraft:stone_pickaxe":1,"minecraft:melon_slice":8,"minecraft:chest":1,"minecraft:stick":15,"minecraft:raw_iron":2,"minecraft:composter":2,"minecraft:torch":2,"minecraft:acacia_log":55,"minecraft:gravel":53,"minecraft:acacia_stairs":2,"minecraft:orange_bed":9,"minecraft:stone_shovel":1,"minecraft:stone_axe":1,"minecraft:hay_block":38,"minecraft:gray_wool":1,"minecraft:cobblestone":147,"minecraft:coal":18,"minecraft:white_wool":23},"minecraft:broken":{"minecraft:stone_pickaxe":1}},"DataVersion":3955}