{"stats":{"minecraft:custom":{"minecraft:interact_with_furnace":5,"minecraft:mob_kills":1,"minecraft:animals_bred":1,"minecraft:traded_with_villager":33,"minecraft:interact_with_crafting_table":24,"minecraft:open_barrel":1,"minecraft:bell_ring":54,"minecraft:leave_game":7,"minecraft:time_since_death":95816,"minecraft:sleep_in_bed":4,"minecraft:time_since_rest":4934,"minecraft:sprint_one_cm":228314,"minecraft:damage_taken":130,"minecraft:walk_one_cm":97802,"minecraft:drop":3,"minecraft:damage_dealt":80,"minecraft:talked_to_villager":14,"minecraft:swim_one_cm":14137,"minecraft:fly_one_cm":336177,"minecraft:open_chest":16,"minecraft:crouch_one_cm":12,"minecraft:play_time":95816,"minecraft:sneak_time":47,"minecraft:walk_under_water_one_cm":838,"minecraft:boat_one_cm":369,"minecraft:jump":1166,"minecraft:walk_on_water_one_cm":10432,"minecraft:total_world_time":95816,"minecraft:fall_one_cm":33915},"minecraft:mined":{"minecraft:acacia_leaves":1,"minecraft:white_bed":1,"minecraft:red_bed":2,"minecraft:brewing_stand":2,"minecraft:short_grass":11,"minecraft:acacia_log":19,"minecraft:grass_block":19,"minecraft:melon":2,"minecraft:chest":2,"minecraft:cobblestone":5,"minecraft:grindstone":1,"minecraft:composter":2,"minecraft:cartography_table":1,"minecraft:hay_block":44,"minecraft:acacia_sapling":2,"minecraft:acacia_wood":10,"minecraft:acacia_stairs":2,"minecraft:fletching_table":2,"minecraft:bell":2,"minecraft:coal_ore":18,"minecraft:dirt_path":4,"minecraft:sand":11,"minecraft:gravel":64,"minecraft:dirt":23,"minecraft:acacia_door":1,"minecraft:stone":194,"minecraft:fern":1,"minecraft:oak_leaves":1,"minecraft:orange_bed":6},"minecraft:used":{"minecraft:acacia_boat":1,"minecraft:acacia_log":2,"minecraft:stone_shovel":93,"minecraft:acacia_trapdoor":2,"minecraft:stone_pickaxe":219,"minecraft:chest":3,"minecraft:wooden_pickaxe":3,"minecraft:composter":2,"minecraft:fletching_table":4,"minecraft:bell":2,"minecraft:stone_hoe":45,"minecraft:orange_bed":10,"minecraft:torch":18,"minecraft:dirt":16,"minecraft:loom":1,"minecraft:crafting_table":6,"minecraft:red_bed":2,"minecraft:white_bed":8,"minecraft:campfire":1,"minecraft:acacia_sapling":19,"minecraft:bread":11,"minecraft:acacia_slab":1,"minecraft:gravel":2,"minecraft:stone_axe":48,"minecraft:cobblestone":62,"minecraft:furnace":2},"minecraft:crafted":{"minecraft:emerald":20,"minecraft:crafting_table":6,"minecraft:acacia_slab":6,"minecraft:wooden_pickaxe":1,"minecraft:acacia_trapdoor":2,"minecraft:furnace":2,"minecraft:loom":1,"minecraft:fletching_table":4,"minecraft:campfire":1,"minecraft:stone_axe":1,"minecraft:bread":71,"minecraft:acacia_boat":1,"minecraft:air":0,"minecraft:charcoal":3,"minecraft:stick":652,"minecraft:iron_ingot":2,"minecraft:stone_pickaxe":1,"minecraft:chest":3,"minecraft:white_bed":8,"minecraft:acacia_planks":444,"minecraft:dark_oak_planks":4,"minecraft:torch":76,"minecraft:stone_hoe":1,"minecraft:shears":7,"minecraft:wheat":90},"minecraft:killed":{"minecraft:sheep":1},"minecraft:dropped":{"minecraft:bread":64,"minecraft:white_bed":1,"minecraft:acacia_planks":8},"minecraft:picked_up":{"minecraft:wheat":5,"minecraft:potato":2,"minecraft:acacia_wood":10,"minecraft:flint":9,"minecraft:brewing_stand":2,"minecraft:string":7,"minecraft:dirt":45,"minecraft:red_bed":2,"minecraft:acacia_door":1,"minecraft:experience_bottle":1,"minecraft:acacia_planks":8,"minecraft:wheat_seeds":14,"minecraft:cartography_table":1,"minecraft:bell":2,"minecraft:grindstone":1,"minecraft:stone_pickaxe":1,"minecraft:fletching_table":2,"minecraft:melon_slice":8,"minecraft:chest":2,"minecraft:acacia_sapling":31,"minecraft:stick":27,"minecraft:raw_iron":2,"minecraft:composter":2,"minecraft:torch":2,"minecraft:acacia_log":143,"minecraft:gravel":55,"minecraft:sand":9,"minecraft:white_bed":2,"minecraft:acacia_stairs":2,"minecraft:dark_oak_log":2,"minecraft:orange_bed":10,"minecraft:arrow":4,"minecraft:stone_shovel":1,"minecraft:stone_axe":1,"minecraft:hay_block":44,"minecraft:crossbow":1,"minecraft:gray_wool":1,"minecraft:bread":6,"minecraft:mutton":1,"minecraft:cobblestone":207,"minecraft:coal":18,"minecraft:white_wool":24},"minecraft:broken":{"minecraft:stone_pickaxe":1,"minecraft:stone_axe":1}},"DataVersion":3955}