{"stats":{"minecraft:custom":{"minecraft:time_since_rest":1661,"minecraft:interact_with_furnace":3,"minecraft:sprint_one_cm":29263,"minecraft:damage_taken":30,"minecraft:walk_one_cm":27268,"minecraft:interact_with_crafting_table":6,"minecraft:fly_one_cm":15585,"minecraft:play_time":53816,"minecraft:bell_ring":25,"minecraft:sneak_time":11,"minecraft:jump":107,"minecraft:leave_game":7,"minecraft:walk_on_water_one_cm":110,"minecraft:time_since_death":53816,"minecraft:sleep_in_bed":1,"minecraft:total_world_time":53816,"minecraft:fall_one_cm":1506},"minecraft:used":{"minecraft:acacia_trapdoor":2,"minecraft:stone_shovel":9,"minecraft:stone_pickaxe":143,"minecraft:chest":2,"minecraft:wooden_pickaxe":3,"minecraft:bell":1,"minecraft:orange_bed":5,"minecraft:torch":12,"minecraft:dirt":16,"minecraft:cobblestone":57,"minecraft:crafting_table":2,"minecraft:furnace":1},"minecraft:mined":{"minecraft:acacia_leaves":1,"minecraft:bell":1,"minecraft:short_grass":3,"minecraft:acacia_log":8,"minecraft:coal_ore":18,"minecraft:grass_block":16,"minecraft:dirt_path":2,"minecraft:dirt":11,"minecraft:cobblestone":3,"minecraft:stone":124,"minecraft:orange_bed":1},"minecraft:crafted":{"minecraft:charcoal":3,"minecraft:crafting_table":2,"minecraft:stick":20,"minecraft:wooden_pickaxe":1,"minecraft:stone_pickaxe":1,"minecraft:acacia_trapdoor":2,"minecraft:chest":2,"minecraft:furnace":1,"minecraft:acacia_planks":56,"minecraft:torch":76,"minecraft:campfire":1,"minecraft:stone_axe":1,"minecraft:air":0},"minecraft:picked_up":{"minecraft:stick":15,"minecraft:raw_iron":2,"minecraft:acacia_log":53,"minecraft:dirt":27,"minecraft:orange_bed":5,"minecraft:stone_shovel":1,"minecraft:stone_axe":1,"minecraft:bell":1,"minecraft:stone_pickaxe":1,"minecraft:coal":18,"minecraft:cobblestone":135},"minecraft:broken":{"minecraft:stone_pickaxe":1}},"DataVersion":3955}