{"stats":{"minecraft:picked_up":{"minecraft:acacia_log":8,"minecraft:cobblestone":24,"minecraft:dirt":15},"minecraft:used":{"minecraft:torch":5,"minecraft:dirt":15,"minecraft:cobblestone":4,"minecraft:crafting_table":1,"minecraft:furnace":1,"minecraft:stone_pickaxe":21,"minecraft:wooden_pickaxe":3},"minecraft:custom":{"minecraft:time_since_rest":28085,"minecraft:sprint_one_cm":5746,"minecraft:interact_with_furnace":3,"minecraft:play_time":28085,"minecraft:walk_one_cm":7071,"minecraft:sneak_time":11,"minecraft:jump":58,"minecraft:leave_game":5,"minecraft:time_since_death":28085,"minecraft:total_world_time":28085,"minecraft:interact_with_crafting_table":3,"minecraft:fly_one_cm":7214},"minecraft:mined":{"minecraft:short_grass":1,"minecraft:acacia_log":8,"minecraft:grass_block":8,"minecraft:acacia_leaves":1,"minecraft:dirt":8,"minecraft:stone":24},"minecraft:crafted":{"minecraft:furnace":1,"minecraft:acacia_planks":20,"minecraft:charcoal":3,"minecraft:torch":12,"minecraft:crafting_table":1,"minecraft:stick":8,"minecraft:wooden_pickaxe":1,"minecraft:air":0,"minecraft:stone_pickaxe":1}},"DataVersion":3955}