{"stats":{"minecraft:broken":{"minecraft:stone_pickaxe":2,"minecraft:stone_axe":4},"minecraft:dropped":{"minecraft:bread":124,"minecraft:wheat_seeds":4,"minecraft:cobblestone":60,"minecraft:jungle_planks":104,"minecraft:stick":62,"minecraft:iron_axe":4,"minecraft:acacia_planks":8,"minecraft:stone_shovel":1,"minecraft:white_bed":1,"minecraft:poppy":14,"minecraft:golden_leggings":1,"minecraft:chainmail_boots":4,"minecraft:bow":3,"minecraft:stone_pickaxe":1},"minecraft:used":{"minecraft:acacia_log":2,"minecraft:stone_shovel":93,"minecraft:redstone":30,"minecraft:chest":20,"minecraft:bell":2,"minecraft:stone_hoe":45,"minecraft:orange_bed":10,"minecraft:brewing_stand":1,"minecraft:torch":47,"minecraft:dirt":16,"minecraft:hopper":3,"minecraft:jungle_planks":9,"minecraft:crafter":4,"minecraft:cobblestone_wall":73,"minecraft:acacia_sapling":19,"minecraft:jungle_sapling":136,"minecraft:lava_bucket":1,"minecraft:iron_axe":23,"minecraft:acacia_slab":87,"minecraft:jungle_log":31,"minecraft:light_blue_bed":4,"minecraft:repeater":6,"minecraft:golden_carrot":11,"minecraft:furnace":4,"minecraft:acacia_planks":2,"minecraft:cooked_mutton":1,"minecraft:acacia_boat":1,"minecraft:water_bucket":1,"minecraft:acacia_trapdoor":2,"minecraft:stone_pickaxe":363,"minecraft:baked_potato":2,"minecraft:wooden_pickaxe":3,"minecraft:composter":2,"minecraft:fletching_table":6,"minecraft:blue_bed":5,"minecraft:diamond_axe":311,"minecraft:yellow_terracotta":12,"minecraft:loom":1,"minecraft:crafting_table":8,"minecraft:red_bed":4,"minecraft:blast_furnace":1,"minecraft:campfire":1,"minecraft:white_bed":11,"minecraft:cake":5,"minecraft:redstone_torch":4,"minecraft:diamond_pickaxe":130,"minecraft:diamond_shovel":26,"minecraft:acacia_sign":3,"minecraft:bread":27,"minecraft:gravel":2,"minecraft:stone_axe":357,"minecraft:cobblestone":245,"minecraft:smithing_table":4,"minecraft:bucket":2},"minecraft:mined":{"minecraft:yellow_terracotta":44,"minecraft:attached_melon_stem":3,"minecraft:white_bed":3,"minecraft:brewing_stand":2,"minecraft:crafter":2,"minecraft:acacia_log":55,"minecraft:grass_block":42,"minecraft:jungle_planks":8,"minecraft:jungle_log":149,"minecraft:redstone_wire":20,"minecraft:acacia_slab":38,"minecraft:hopper":1,"minecraft:composter":2,"minecraft:cartography_table":1,"minecraft:hay_block":44,"minecraft:jungle_sapling":1,"minecraft:iron_ore":3,"minecraft:acacia_wood":10,"minecraft:acacia_stairs":26,"minecraft:fletching_table":2,"minecraft:bell":2,"minecraft:vine":16,"minecraft:dirt_path":4,"minecraft:bamboo":1,"minecraft:stone":352,"minecraft:redstone_wall_torch":1,"minecraft:orange_bed":6,"minecraft:smithing_table":3,"minecraft:acacia_leaves":1,"minecraft:glass_pane":3,"minecraft:red_bed":4,"minecraft:melon_stem":1,"minecraft:torch":2,"minecraft:short_grass":176,"minecraft:melon":6,"minecraft:chest":6,"minecraft:cobblestone":63,"minecraft:tall_grass":7,"minecraft:grindstone":1,"minecraft:wall_torch":5,"minecraft:repeater":2,"minecraft:acacia_sapling":2,"minecraft:cobblestone_wall":1,"minecraft:redstone_torch":2,"minecraft:wheat":23,"minecraft:coal_ore":18,"minecraft:acacia_fence":37,"minecraft:acacia_door":2,"minecraft:gravel":64,"minecraft:sand":11,"minecraft:dirt":32,"minecraft:acacia_planks":12,"minecraft:oak_leaves":3,"minecraft:fern":1},"minecraft:crafted":{"minecraft:golden_carrot":36,"minecraft:cookie":162,"minecraft:oak_planks":20,"minecraft:smooth_stone":3,"minecraft:redstone":44,"minecraft:iron_nugget":4,"minecraft:blast_furnace":1,"minecraft:furnace":5,"minecraft:loom":1,"minecraft:stone":25,"minecraft:diamond_shovel":3,"minecraft:cake":5,"minecraft:hopper":2,"minecraft:repeater":6,"minecraft:diamond_helmet":1,"minecraft:diamond_leggings":3,"minecraft:bow":2,"minecraft:iron_axe":6,"minecraft:stone_pickaxe":3,"minecraft:cobblestone_wall":180,"minecraft:chest":29,"minecraft:diamond_boots":3,"minecraft:dark_oak_planks":4,"minecraft:stone_hoe":1,"minecraft:wheat":90,"minecraft:dropper":2,"minecraft:emerald":613,"minecraft:diamond_axe":4,"minecraft:crafting_table":10,"minecraft:acacia_slab":270,"minecraft:wooden_pickaxe":1,"minecraft:acacia_trapdoor":2,"minecraft:light_blue_wool":12,"minecraft:smithing_table":1,"minecraft:blue_bed":5,"minecraft:golden_pickaxe":1,"minecraft:fletching_table":4,"minecraft:bucket":2,"minecraft:campfire":1,"minecraft:stone_axe":34,"minecraft:glowstone":8,"minecraft:bread":239,"minecraft:acacia_boat":1,"minecraft:air":0,"minecraft:jungle_planks":8092,"minecraft:apple":48,"minecraft:charcoal":10,"minecraft:iron_chestplate":5,"minecraft:diamond_pickaxe":3,"minecraft:acacia_sign":3,"minecraft:stick":17498,"minecraft:crafter":2,"minecraft:iron_ingot":6,"minecraft:chainmail_boots":15,"minecraft:light_blue_bed":4,"minecraft:iron_leggings":5,"minecraft:white_bed":8,"minecraft:redstone_torch":14,"minecraft:acacia_planks":1212,"minecraft:torch":104,"minecraft:shears":12,"minecraft:lapis_lazuli":11,"minecraft:diamond_chestplate":1},"minecraft:picked_up":{"minecraft:cocoa_beans":4,"minecraft:wheat":27,"minecraft:chainmail_boots":3,"minecraft:smithing_table":3,"minecraft:acacia_pressure_plate":1,"minecraft:brewing_stand":2,"minecraft:string":7,"minecraft:red_bed":4,"minecraft:iron_axe":4,"minecraft:acacia_door":2,"minecraft:experience_bottle":1,"minecraft:cartography_table":1,"minecraft:redstone_torch":3,"minecraft:jungle_sapling":158,"minecraft:poppy":34,"minecraft:melon_slice":27,"minecraft:chest":5,"minecraft:stick":711,"minecraft:raw_iron":6,"minecraft:acacia_fence":36,"minecraft:composter":2,"minecraft:torch":15,"minecraft:acacia_log":301,"minecraft:redstone":21,"minecraft:orange_bed":10,"minecraft:rotten_flesh":5,"minecraft:arrow":4,"minecraft:stone_shovel":2,"minecraft:hay_block":44,"minecraft:yellow_terracotta":44,"minecraft:mutton":3,"minecraft:white_wool":24,"minecraft:cobblestone":704,"minecraft:repeater":2,"minecraft:jungle_log":2480,"minecraft:golden_leggings":1,"minecraft:crafter":2,"minecraft:acacia_wood":10,"minecraft:potato":2,"minecraft:flint":9,"minecraft:oak_log":5,"minecraft:cobblestone_wall":1,"minecraft:dirt":77,"minecraft:cooked_mutton":1,"minecraft:acacia_planks":20,"minecraft:bow":3,"minecraft:wheat_seeds":101,"minecraft:bell":2,"minecraft:iron_ingot":116,"minecraft:grindstone":1,"minecraft:stone_pickaxe":2,"minecraft:fletching_table":2,"minecraft:bamboo":8,"minecraft:acacia_sapling":66,"minecraft:gravel":55,"minecraft:sand":9,"minecraft:jungle_planks":217,"minecraft:white_bed":4,"minecraft:acacia_stairs":26,"minecraft:dark_oak_log":2,"minecraft:stone_axe":1,"minecraft:crossbow":1,"minecraft:gray_wool":2,"minecraft:bread":6,"minecraft:baked_potato":2,"minecraft:oak_sapling":3,"minecraft:acacia_slab":40,"minecraft:melon_seeds":12,"minecraft:coal":18,"minecraft:hopper":1},"minecraft:killed":{"minecraft:iron_golem":30,"minecraft:creeper":1,"minecraft:sheep":2,"minecraft:zombie":2},"minecraft:custom":{"minecraft:mob_kills":35,"minecraft:animals_bred":1,"minecraft:inspect_hopper":4,"minecraft:interact_with_crafting_table":66,"minecraft:open_barrel":1,"minecraft:interact_with_campfire":3,"minecraft:bell_ring":58,"minecraft:eat_cake_slice":10,"minecraft:leave_game":13,"minecraft:time_since_death":574438,"minecraft:climb_one_cm":7211,"minecraft:sprint_one_cm":784642,"minecraft:walk_one_cm":571857,"minecraft:drop":28,"minecraft:talked_to_villager":167,"minecraft:play_time":574438,"minecraft:sneak_time":6979,"minecraft:walk_under_water_one_cm":2821,"minecraft:boat_one_cm":369,"minecraft:jump":3282,"minecraft:interact_with_blast_furnace":3,"minecraft:walk_on_water_one_cm":18397,"minecraft:total_world_time":574438,"minecraft:interact_with_furnace":18,"minecraft:traded_with_villager":816,"minecraft:sleep_in_bed":22,"minecraft:time_since_rest":37709,"minecraft:damage_taken":1068,"minecraft:damage_dealt":26836,"minecraft:swim_one_cm":28640,"minecraft:fly_one_cm":762343,"minecraft:open_chest":113,"minecraft:crouch_one_cm":20671,"minecraft:fall_one_cm":88169}},"DataVersion":3955}