{"stats":{"minecraft:custom":{"minecraft:interact_with_furnace":5,"minecraft:mob_kills":1,"minecraft:animals_bred":1,"minecraft:traded_with_villager":87,"minecraft:interact_with_crafting_table":27,"minecraft:open_barrel":1,"minecraft:bell_ring":54,"minecraft:climb_one_cm":2019,"minecraft:leave_game":7,"minecraft:time_since_death":131816,"minecraft:sleep_in_bed":5,"minecraft:time_since_rest":22985,"minecraft:sprint_one_cm":287596,"minecraft:damage_taken":150,"minecraft:walk_one_cm":127052,"minecraft:drop":5,"minecraft:damage_dealt":80,"minecraft:talked_to_villager":20,"minecraft:swim_one_cm":25043,"minecraft:fly_one_cm":386696,"minecraft:open_chest":17,"minecraft:crouch_one_cm":12,"minecraft:play_time":131816,"minecraft:sneak_time":47,"minecraft:walk_under_water_one_cm":987,"minecraft:boat_one_cm":369,"minecraft:jump":1390,"minecraft:walk_on_water_one_cm":10944,"minecraft:total_world_time":131816,"minecraft:fall_one_cm":42701},"minecraft:mined":{"minecraft:acacia_leaves":1,"minecraft:white_bed":3,"minecraft:red_bed":4,"minecraft:brewing_stand":2,"minecraft:short_grass":13,"minecraft:acacia_log":19,"minecraft:grass_block":19,"minecraft:melon":2,"minecraft:chest":2,"minecraft:jungle_log":11,"minecraft:cobblestone":5,"minecraft:grindstone":1,"minecraft:composter":2,"minecraft:cartography_table":1,"minecraft:hay_block":44,"minecraft:acacia_sapling":2,"minecraft:acacia_wood":10,"minecraft:acacia_stairs":2,"minecraft:fletching_table":2,"minecraft:bell":2,"minecraft:coal_ore":18,"minecraft:vine":1,"minecraft:dirt_path":4,"minecraft:sand":11,"minecraft:gravel":64,"minecraft:dirt":23,"minecraft:acacia_door":1,"minecraft:bamboo":1,"minecraft:stone":320,"minecraft:fern":1,"minecraft:oak_leaves":3,"minecraft:orange_bed":6},"minecraft:used":{"minecraft:acacia_boat":1,"minecraft:acacia_log":2,"minecraft:stone_shovel":93,"minecraft:acacia_trapdoor":2,"minecraft:stone_pickaxe":346,"minecraft:chest":3,"minecraft:wooden_pickaxe":3,"minecraft:blue_bed":5,"minecraft:composter":2,"minecraft:fletching_table":4,"minecraft:bell":2,"minecraft:stone_hoe":45,"minecraft:orange_bed":10,"minecraft:torch":27,"minecraft:dirt":16,"minecraft:loom":1,"minecraft:crafting_table":7,"minecraft:red_bed":4,"minecraft:white_bed":11,"minecraft:campfire":1,"minecraft:acacia_sapling":19,"minecraft:bread":11,"minecraft:acacia_slab":1,"minecraft:light_blue_bed":4,"minecraft:gravel":2,"minecraft:stone_axe":64,"minecraft:golden_carrot":2,"minecraft:cobblestone":62,"minecraft:furnace":2},"minecraft:crafted":{"minecraft:emerald":52,"minecraft:crafting_table":7,"minecraft:acacia_slab":6,"minecraft:wooden_pickaxe":1,"minecraft:light_blue_wool":12,"minecraft:acacia_trapdoor":2,"minecraft:blue_bed":5,"minecraft:furnace":2,"minecraft:loom":1,"minecraft:fletching_table":4,"minecraft:campfire":1,"minecraft:stone_axe":7,"minecraft:bread":71,"minecraft:acacia_boat":1,"minecraft:air":0,"minecraft:jungle_planks":792,"minecraft:charcoal":3,"minecraft:stick":2188,"minecraft:iron_ingot":2,"minecraft:stone_pickaxe":3,"minecraft:light_blue_bed":4,"minecraft:chest":3,"minecraft:white_bed":8,"minecraft:acacia_planks":444,"minecraft:dark_oak_planks":4,"minecraft:torch":76,"minecraft:stone_hoe":1,"minecraft:shears":12,"minecraft:wheat":90},"minecraft:killed":{"minecraft:sheep":1},"minecraft:dropped":{"minecraft:bread":64,"minecraft:stone_shovel":1,"minecraft:white_bed":1,"minecraft:stick":60,"minecraft:acacia_planks":8},"minecraft:picked_up":{"minecraft:cocoa_beans":4,"minecraft:wheat":5,"minecraft:jungle_log":463,"minecraft:potato":2,"minecraft:acacia_wood":10,"minecraft:flint":9,"minecraft:brewing_stand":2,"minecraft:string":7,"minecraft:dirt":45,"minecraft:red_bed":4,"minecraft:acacia_door":1,"minecraft:experience_bottle":1,"minecraft:acacia_planks":8,"minecraft:wheat_seeds":15,"minecraft:cartography_table":1,"minecraft:bell":2,"minecraft:jungle_sapling":21,"minecraft:grindstone":1,"minecraft:stone_pickaxe":1,"minecraft:fletching_table":2,"minecraft:bamboo":8,"minecraft:melon_slice":8,"minecraft:chest":2,"minecraft:acacia_sapling":31,"minecraft:stick":121,"minecraft:raw_iron":2,"minecraft:composter":2,"minecraft:torch":3,"minecraft:acacia_log":143,"minecraft:gravel":55,"minecraft:sand":9,"minecraft:white_bed":4,"minecraft:acacia_stairs":2,"minecraft:dark_oak_log":2,"minecraft:orange_bed":10,"minecraft:arrow":4,"minecraft:stone_shovel":2,"minecraft:stone_axe":1,"minecraft:hay_block":44,"minecraft:crossbow":1,"minecraft:gray_wool":1,"minecraft:bread":6,"minecraft:mutton":1,"minecraft:cobblestone":333,"minecraft:coal":18,"minecraft:white_wool":24},"minecraft:broken":{"minecraft:stone_pickaxe":2,"minecraft:stone_axe":2}},"DataVersion":3955}