{"stats":{"minecraft:custom":{"minecraft:time_since_rest":11410,"minecraft:sprint_one_cm":34402,"minecraft:walk_one_cm":27450,"minecraft:mob_kills":2,"minecraft:drop":6,"minecraft:inspect_hopper":2,"minecraft:damage_dealt":161,"minecraft:traded_with_villager":32,"minecraft:talked_to_villager":2,"minecraft:interact_with_crafting_table":3,"minecraft:fly_one_cm":29252,"minecraft:open_chest":44,"minecraft:crouch_one_cm":398,"minecraft:play_time":11410,"minecraft:sneak_time":214,"minecraft:walk_under_water_one_cm":88,"minecraft:jump":140,"minecraft:eat_cake_slice":1,"minecraft:interact_with_blast_furnace":1,"minecraft:leave_game":2,"minecraft:walk_on_water_one_cm":1175,"minecraft:time_since_death":11410,"minecraft:climb_one_cm":24,"minecraft:total_world_time":11410,"minecraft:fall_one_cm":2833},"minecraft:used":{"minecraft:redstone_torch":1,"minecraft:diamond_pickaxe":1,"minecraft:redstone":4,"minecraft:wooden_pickaxe":9,"minecraft:diamond_axe":4,"minecraft:stone_axe":2,"minecraft:mutton":2,"minecraft:crafting_table":1},"minecraft:picked_up":{"minecraft:stick":20,"minecraft:crafting_table":1,"minecraft:wheat":1,"minecraft:jungle_log":251,"minecraft:oak_log":4,"minecraft:jungle_button":17,"minecraft:redstone":3,"minecraft:wheat_seeds":4,"minecraft:redstone_torch":1,"minecraft:jungle_sapling":12,"minecraft:oak_sapling":1,"minecraft:mutton":2,"minecraft:white_wool":2,"minecraft:cobblestone":6},"minecraft:killed":{"minecraft:sheep":2},"minecraft:dropped":{"minecraft:wheat_seeds":4,"minecraft:jungle_button":34,"minecraft:wheat":1,"minecraft:oak_sapling":1,"minecraft:wooden_pickaxe":1},"minecraft:crafted":{"minecraft:oak_planks":16,"minecraft:emerald":32,"minecraft:crafting_table":1,"minecraft:stick":8,"minecraft:wooden_pickaxe":1,"minecraft:stone_pickaxe":1,"minecraft:stone_axe":1},"minecraft:mined":{"minecraft:redstone_torch":1,"minecraft:crafting_table":1,"minecraft:oak_log":4,"minecraft:vine":4,"minecraft:redstone_wire":3,"minecraft:stone":6,"minecraft:oak_leaves":5}},"DataVersion":3955}